[
  {
    "line": 1,
    "elements": [
      {
        "start_timestamp": "2022-03-02T14:38:16.558Z",
        "line": 13,
        "name": "Test the valid login",
        "description": "",
        "id": "test-the-login-functionality-of-orangehrm;test-the-valid-login;;2",
        "type": "scenario",
        "keyword": "Scenario Outline",
        "steps": [
          {
            "result": {
              "duration": 6723326000,
              "status": "passed"
            },
            "line": 6,
            "name": "user is on loginPage",
            "match": {
              "location": "com.stepDefinition.LoginSteps.user_is_on_login_page()"
            },
            "keyword": "Given "
          },
          {
            "result": {
              "duration": 712632000,
              "status": "passed"
            },
            "line": 7,
            "name": "user enters admin and admin123",
            "match": {
              "arguments": [
                {
                  "val": "admin",
                  "offset": 12
                },
                {
                  "val": "admin123",
                  "offset": 22
                }
              ],
              "location": "com.stepDefinition.LoginSteps.user_enters_username_and_password(java.lang.String,java.lang.String)"
            },
            "keyword": "When "
          },
          {
            "result": {
              "duration": 5148890000,
              "status": "passed"
            },
            "line": 8,
            "name": "click on login button",
            "match": {
              "location": "com.stepDefinition.LoginSteps.click_on_login_button()"
            },
            "keyword": "And "
          },
          {
            "result": {
              "duration": 546694000,
              "status": "passed"
            },
            "line": 9,
            "name": "user should land on home page",
            "match": {
              "location": "com.stepDefinition.LoginSteps.user_should_land_on_home_page()"
            },
            "keyword": "Then "
          }
        ],
        "tags": [
          {
            "name": "@DemoTest"
          }
        ]
      },
      {
        "start_timestamp": "2022-03-02T14:38:29.747Z",
        "line": 14,
        "name": "Test the valid login",
        "description": "",
        "id": "test-the-login-functionality-of-orangehrm;test-the-valid-login;;3",
        "type": "scenario",
        "keyword": "Scenario Outline",
        "steps": [
          {
            "result": {
              "duration": 5061762000,
              "status": "passed"
            },
            "line": 6,
            "name": "user is on loginPage",
            "match": {
              "location": "com.stepDefinition.LoginSteps.user_is_on_login_page()"
            },
            "keyword": "Given "
          },
          {
            "result": {
              "duration": 670385000,
              "status": "passed"
            },
            "line": 7,
            "name": "user enters admin1 and admin1234",
            "match": {
              "arguments": [
                {
                  "val": "admin1",
                  "offset": 12
                },
                {
                  "val": "admin1234",
                  "offset": 23
                }
              ],
              "location": "com.stepDefinition.LoginSteps.user_enters_username_and_password(java.lang.String,java.lang.String)"
            },
            "keyword": "When "
          },
          {
            "result": {
              "duration": 1472153000,
              "status": "passed"
            },
            "line": 8,
            "name": "click on login button",
            "match": {
              "location": "com.stepDefinition.LoginSteps.click_on_login_button()"
            },
            "keyword": "And "
          },
          {
            "result": {
              "duration": 628441000,
              "status": "passed"
            },
            "line": 9,
            "name": "user should land on home page",
            "match": {
              "location": "com.stepDefinition.LoginSteps.user_should_land_on_home_page()"
            },
            "keyword": "Then "
          }
        ],
        "tags": [
          {
            "name": "@DemoTest"
          }
        ]
      }
    ],
    "name": "Test the login functionality of OrangeHRM",
    "description": "",
    "id": "test-the-login-functionality-of-orangehrm",
    "keyword": "Feature",
    "uri": "classpath:Features/LoginFeature.feature",
    "tags": []
  }
]